id;name;image;image_content_type
1;Colombian Peso Unidad de Valor Real architect Extension;../fake-data/blob/hipster.png;image/png
2;Producer;../fake-data/blob/hipster.png;image/png
3;Moroccan Dirham Plastic metrics;../fake-data/blob/hipster.png;image/png
4;Concrete;../fake-data/blob/hipster.png;image/png
5;Pound Sterling utilisation;../fake-data/blob/hipster.png;image/png
6;compressing flexibility;../fake-data/blob/hipster.png;image/png
7;Illinois;../fake-data/blob/hipster.png;image/png
8;Small Wooden Zimbabwe Dollar;../fake-data/blob/hipster.png;image/png
9;Avon infrastructures Freeway;../fake-data/blob/hipster.png;image/png
10;convergence;../fake-data/blob/hipster.png;image/png
