id;name;description;image;image_content_type
1;firmware;Liaison compress proactive;../fake-data/blob/hipster.png;image/png
2;front-end bypass Strategist;SMS Usability cross-platform;../fake-data/blob/hipster.png;image/png
3;Lead;Savings Account Monitored circuit;../fake-data/blob/hipster.png;image/png
4;Granite;Fantastic;../fake-data/blob/hipster.png;image/png
5;Idaho Avon sky blue;collaboration connecting Avenue;../fake-data/blob/hipster.png;image/png
6;Balboa US Dollar Games;Branding Chair Seamless;../fake-data/blob/hipster.png;image/png
7;tan Buckinghamshire;virtual;../fake-data/blob/hipster.png;image/png
8;Sports;Games quantify HDD;../fake-data/blob/hipster.png;image/png
9;Dynamic;deposit hard drive;../fake-data/blob/hipster.png;image/png
10;quantifying bus;Health;../fake-data/blob/hipster.png;image/png
